year,image_id,day_key,image_path,mask_path,source_index
MY28,MY28_P09_day09,P09_day09,C:\Users\nicof\Desktop\proy_olga\Comparación de métodos\MY28\mdgm_rgb\P09_day09.png,C:\Users\nicof\Desktop\proy_olga\Comparación de métodos\MY28\masks_png_all\P09_day09_mask_class.png,0
MY28,MY28_P09_day24,P09_day24,C:\Users\nicof\Desktop\proy_olga\Comparación de métodos\MY28\mdgm_rgb\P09_day24.png,C:\Users\nicof\Desktop\proy_olga\Comparación de métodos\MY28\masks_png_all\P09_day24_mask_class.png,1
MY28,MY28_P09_day25,P09_day25,C:\Users\nicof\Desktop\proy_olga\Comparación de métodos\MY28\mdgm_rgb\P09_day25.png,C:\Users\nicof\Desktop\proy_olga\Comparación de métodos\MY28\masks_png_all\P09_day25_mask_class.png,2
MY28,MY28_P04_day09,P04_day09,C:\Users\nicof\Desktop\proy_olga\Comparación de métodos\MY28\mdgm_rgb\P04_day09.png,C:\Users\nicof\Desktop\proy_olga\Comparación de métodos\MY28\masks_png_all\P04_day09_mask_class.png,3
MY28,MY28_P09_day29,P09_day29,C:\Users\nicof\Desktop\proy_olga\Comparación de métodos\MY28\mdgm_rgb\P09_day29.png,C:\Users\nicof\Desktop\proy_olga\Comparación de métodos\MY28\masks_png_all\P09_day29_mask_class.png,4
MY28,MY28_P09_day26,P09_day26,C:\Users\nicof\Desktop\proy_olga\Comparación de métodos\MY28\mdgm_rgb\P09_day26.png,C:\Users\nicof\Desktop\proy_olga\Comparación de métodos\MY28\masks_png_all\P09_day26_mask_class.png,5
MY28,MY28_P09_day31,P09_day31,C:\Users\nicof\Desktop\proy_olga\Comparación de métodos\MY28\mdgm_rgb\P09_day31.png,C:\Users\nicof\Desktop\proy_olga\Comparación de métodos\MY28\masks_png_all\P09_day31_mask_class.png,6
MY28,MY28_P08_day30,P08_day30,C:\Users\nicof\Desktop\proy_olga\Comparación de métodos\MY28\mdgm_rgb\P08_day30.png,C:\Users\nicof\Desktop\proy_olga\Comparación de métodos\MY28\masks_png_all\P08_day30_mask_class.png,7
MY28,MY28_P03_day27,P03_day27,C:\Users\nicof\Desktop\proy_olga\Comparación de métodos\MY28\mdgm_rgb\P03_day27.png,C:\Users\nicof\Desktop\proy_olga\Comparación de métodos\MY28\masks_png_all\P03_day27_mask_class.png,8
MY28,MY28_P04_day10,P04_day10,C:\Users\nicof\Desktop\proy_olga\Comparación de métodos\MY28\mdgm_rgb\P04_day10.png,C:\Users\nicof\Desktop\proy_olga\Comparación de métodos\MY28\masks_png_all\P04_day10_mask_class.png,9
MY28,MY28_P09_day30,P09_day30,C:\Users\nicof\Desktop\proy_olga\Comparación de métodos\MY28\mdgm_rgb\P09_day30.png,C:\Users\nicof\Desktop\proy_olga\Comparación de métodos\MY28\masks_png_all\P09_day30_mask_class.png,10
MY28,MY28_P04_day11,P04_day11,C:\Users\nicof\Desktop\proy_olga\Comparación de métodos\MY28\mdgm_rgb\P04_day11.png,C:\Users\nicof\Desktop\proy_olga\Comparación de métodos\MY28\masks_png_all\P04_day11_mask_class.png,11
MY28,MY28_P09_day32,P09_day32,C:\Users\nicof\Desktop\proy_olga\Comparación de métodos\MY28\mdgm_rgb\P09_day32.png,C:\Users\nicof\Desktop\proy_olga\Comparación de métodos\MY28\masks_png_all\P09_day32_mask_class.png,12
MY28,MY28_P05_day08,P05_day08,C:\Users\nicof\Desktop\proy_olga\Comparación de métodos\MY28\mdgm_rgb\P05_day08.png,C:\Users\nicof\Desktop\proy_olga\Comparación de métodos\MY28\masks_png_all\P05_day08_mask_class.png,13
MY28,MY28_P02_day21,P02_day21,C:\Users\nicof\Desktop\proy_olga\Comparación de métodos\MY28\mdgm_rgb\P02_day21.png,C:\Users\nicof\Desktop\proy_olga\Comparación de métodos\MY28\masks_png_all\P02_day21_mask_class.png,14
MY28,MY28_P05_day12,P05_day12,C:\Users\nicof\Desktop\proy_olga\Comparación de métodos\MY28\mdgm_rgb\P05_day12.png,C:\Users\nicof\Desktop\proy_olga\Comparación de métodos\MY28\masks_png_all\P05_day12_mask_class.png,15
MY28,MY28_P09_day33,P09_day33,C:\Users\nicof\Desktop\proy_olga\Comparación de métodos\MY28\mdgm_rgb\P09_day33.png,C:\Users\nicof\Desktop\proy_olga\Comparación de métodos\MY28\masks_png_all\P09_day33_mask_class.png,16
MY28,MY28_P04_day18,P04_day18,C:\Users\nicof\Desktop\proy_olga\Comparación de métodos\MY28\mdgm_rgb\P04_day18.png,C:\Users\nicof\Desktop\proy_olga\Comparación de métodos\MY28\masks_png_all\P04_day18_mask_class.png,17
MY28,MY28_P05_day09,P05_day09,C:\Users\nicof\Desktop\proy_olga\Comparación de métodos\MY28\mdgm_rgb\P05_day09.png,C:\Users\nicof\Desktop\proy_olga\Comparación de métodos\MY28\masks_png_all\P05_day09_mask_class.png,18
MY28,MY28_P05_day10,P05_day10,C:\Users\nicof\Desktop\proy_olga\Comparación de métodos\MY28\mdgm_rgb\P05_day10.png,C:\Users\nicof\Desktop\proy_olga\Comparación de métodos\MY28\masks_png_all\P05_day10_mask_class.png,19
MY28,MY28_P08_day28,P08_day28,C:\Users\nicof\Desktop\proy_olga\Comparación de métodos\MY28\mdgm_rgb\P08_day28.png,C:\Users\nicof\Desktop\proy_olga\Comparación de métodos\MY28\masks_png_all\P08_day28_mask_class.png,20
MY28,MY28_P02_day28,P02_day28,C:\Users\nicof\Desktop\proy_olga\Comparación de métodos\MY28\mdgm_rgb\P02_day28.png,C:\Users\nicof\Desktop\proy_olga\Comparación de métodos\MY28\masks_png_all\P02_day28_mask_class.png,21
MY28,MY28_P12_day28,P12_day28,C:\Users\nicof\Desktop\proy_olga\Comparación de métodos\MY28\mdgm_rgb\P12_day28.png,C:\Users\nicof\Desktop\proy_olga\Comparación de métodos\MY28\masks_png_all\P12_day28_mask_class.png,22
MY28,MY28_P02_day31,P02_day31,C:\Users\nicof\Desktop\proy_olga\Comparación de métodos\MY28\mdgm_rgb\P02_day31.png,C:\Users\nicof\Desktop\proy_olga\Comparación de métodos\MY28\masks_png_all\P02_day31_mask_class.png,23
MY28,MY28_P05_day26,P05_day26,C:\Users\nicof\Desktop\proy_olga\Comparación de métodos\MY28\mdgm_rgb\P05_day26.png,C:\Users\nicof\Desktop\proy_olga\Comparación de métodos\MY28\masks_png_all\P05_day26_mask_class.png,24
MY28,MY28_P02_day08,P02_day08,C:\Users\nicof\Desktop\proy_olga\Comparación de métodos\MY28\mdgm_rgb\P02_day08.png,C:\Users\nicof\Desktop\proy_olga\Comparación de métodos\MY28\masks_png_all\P02_day08_mask_class.png,25
MY28,MY28_P04_day17,P04_day17,C:\Users\nicof\Desktop\proy_olga\Comparación de métodos\MY28\mdgm_rgb\P04_day17.png,C:\Users\nicof\Desktop\proy_olga\Comparación de métodos\MY28\masks_png_all\P04_day17_mask_class.png,26
MY28,MY28_P02_day22,P02_day22,C:\Users\nicof\Desktop\proy_olga\Comparación de métodos\MY28\mdgm_rgb\P02_day22.png,C:\Users\nicof\Desktop\proy_olga\Comparación de métodos\MY28\masks_png_all\P02_day22_mask_class.png,27
MY28,MY28_P02_day23,P02_day23,C:\Users\nicof\Desktop\proy_olga\Comparación de métodos\MY28\mdgm_rgb\P02_day23.png,C:\Users\nicof\Desktop\proy_olga\Comparación de métodos\MY28\masks_png_all\P02_day23_mask_class.png,28
MY28,MY28_P02_day05,P02_day05,C:\Users\nicof\Desktop\proy_olga\Comparación de métodos\MY28\mdgm_rgb\P02_day05.png,C:\Users\nicof\Desktop\proy_olga\Comparación de métodos\MY28\masks_png_all\P02_day05_mask_class.png,29
MY28,MY28_P10_day01,P10_day01,C:\Users\nicof\Desktop\proy_olga\Comparación de métodos\MY28\mdgm_rgb\P10_day01.png,C:\Users\nicof\Desktop\proy_olga\Comparación de métodos\MY28\masks_png_all\P10_day01_mask_class.png,30
MY28,MY28_P12_day33,P12_day33,C:\Users\nicof\Desktop\proy_olga\Comparación de métodos\MY28\mdgm_rgb\P12_day33.png,C:\Users\nicof\Desktop\proy_olga\Comparación de métodos\MY28\masks_png_all\P12_day33_mask_class.png,31
MY28,MY28_P02_day30,P02_day30,C:\Users\nicof\Desktop\proy_olga\Comparación de métodos\MY28\mdgm_rgb\P02_day30.png,C:\Users\nicof\Desktop\proy_olga\Comparación de métodos\MY28\masks_png_all\P02_day30_mask_class.png,32
MY28,MY28_P03_day13,P03_day13,C:\Users\nicof\Desktop\proy_olga\Comparación de métodos\MY28\mdgm_rgb\P03_day13.png,C:\Users\nicof\Desktop\proy_olga\Comparación de métodos\MY28\masks_png_all\P03_day13_mask_class.png,33
MY28,MY28_P13_day20,P13_day20,C:\Users\nicof\Desktop\proy_olga\Comparación de métodos\MY28\mdgm_rgb\P13_day20.png,C:\Users\nicof\Desktop\proy_olga\Comparación de métodos\MY28\masks_png_all\P13_day20_mask_class.png,34
MY28,MY28_P02_day07,P02_day07,C:\Users\nicof\Desktop\proy_olga\Comparación de métodos\MY28\mdgm_rgb\P02_day07.png,C:\Users\nicof\Desktop\proy_olga\Comparación de métodos\MY28\masks_png_all\P02_day07_mask_class.png,35
MY28,MY28_P02_day25,P02_day25,C:\Users\nicof\Desktop\proy_olga\Comparación de métodos\MY28\mdgm_rgb\P02_day25.png,C:\Users\nicof\Desktop\proy_olga\Comparación de métodos\MY28\masks_png_all\P02_day25_mask_class.png,36
MY28,MY28_P02_day29,P02_day29,C:\Users\nicof\Desktop\proy_olga\Comparación de métodos\MY28\mdgm_rgb\P02_day29.png,C:\Users\nicof\Desktop\proy_olga\Comparación de métodos\MY28\masks_png_all\P02_day29_mask_class.png,37
MY28,MY28_P06_day11,P06_day11,C:\Users\nicof\Desktop\proy_olga\Comparación de métodos\MY28\mdgm_rgb\P06_day11.png,C:\Users\nicof\Desktop\proy_olga\Comparación de métodos\MY28\masks_png_all\P06_day11_mask_class.png,38
MY28,MY28_P13_day21,P13_day21,C:\Users\nicof\Desktop\proy_olga\Comparación de métodos\MY28\mdgm_rgb\P13_day21.png,C:\Users\nicof\Desktop\proy_olga\Comparación de métodos\MY28\masks_png_all\P13_day21_mask_class.png,39
MY28,MY28_P06_day25,P06_day25,C:\Users\nicof\Desktop\proy_olga\Comparación de métodos\MY28\mdgm_rgb\P06_day25.png,C:\Users\nicof\Desktop\proy_olga\Comparación de métodos\MY28\masks_png_all\P06_day25_mask_class.png,40
MY28,MY28_P07_day05,P07_day05,C:\Users\nicof\Desktop\proy_olga\Comparación de métodos\MY28\mdgm_rgb\P07_day05.png,C:\Users\nicof\Desktop\proy_olga\Comparación de métodos\MY28\masks_png_all\P07_day05_mask_class.png,41
MY28,MY28_P01_day20,P01_day20,C:\Users\nicof\Desktop\proy_olga\Comparación de métodos\MY28\mdgm_rgb\P01_day20.png,C:\Users\nicof\Desktop\proy_olga\Comparación de métodos\MY28\masks_png_all\P01_day20_mask_class.png,42
MY28,MY28_P06_day14,P06_day14,C:\Users\nicof\Desktop\proy_olga\Comparación de métodos\MY28\mdgm_rgb\P06_day14.png,C:\Users\nicof\Desktop\proy_olga\Comparación de métodos\MY28\masks_png_all\P06_day14_mask_class.png,43
MY28,MY28_P12_day17,P12_day17,C:\Users\nicof\Desktop\proy_olga\Comparación de métodos\MY28\mdgm_rgb\P12_day17.png,C:\Users\nicof\Desktop\proy_olga\Comparación de métodos\MY28\masks_png_all\P12_day17_mask_class.png,44
MY28,MY28_P12_day30,P12_day30,C:\Users\nicof\Desktop\proy_olga\Comparación de métodos\MY28\mdgm_rgb\P12_day30.png,C:\Users\nicof\Desktop\proy_olga\Comparación de métodos\MY28\masks_png_all\P12_day30_mask_class.png,45
MY28,MY28_P05_day07,P05_day07,C:\Users\nicof\Desktop\proy_olga\Comparación de métodos\MY28\mdgm_rgb\P05_day07.png,C:\Users\nicof\Desktop\proy_olga\Comparación de métodos\MY28\masks_png_all\P05_day07_mask_class.png,46
MY28,MY28_P07_day20,P07_day20,C:\Users\nicof\Desktop\proy_olga\Comparación de métodos\MY28\mdgm_rgb\P07_day20.png,C:\Users\nicof\Desktop\proy_olga\Comparación de métodos\MY28\masks_png_all\P07_day20_mask_class.png,47
MY28,MY28_P08_day14,P08_day14,C:\Users\nicof\Desktop\proy_olga\Comparación de métodos\MY28\mdgm_rgb\P08_day14.png,C:\Users\nicof\Desktop\proy_olga\Comparación de métodos\MY28\masks_png_all\P08_day14_mask_class.png,48
MY28,MY28_P07_day02,P07_day02,C:\Users\nicof\Desktop\proy_olga\Comparación de métodos\MY28\mdgm_rgb\P07_day02.png,C:\Users\nicof\Desktop\proy_olga\Comparación de métodos\MY28\masks_png_all\P07_day02_mask_class.png,49
MY28,MY28_P07_day30,P07_day30,C:\Users\nicof\Desktop\proy_olga\Comparación de métodos\MY28\mdgm_rgb\P07_day30.png,C:\Users\nicof\Desktop\proy_olga\Comparación de métodos\MY28\masks_png_all\P07_day30_mask_class.png,50
MY28,MY28_P01_day14,P01_day14,C:\Users\nicof\Desktop\proy_olga\Comparación de métodos\MY28\mdgm_rgb\P01_day14.png,C:\Users\nicof\Desktop\proy_olga\Comparación de métodos\MY28\masks_png_all\P01_day14_mask_class.png,51
MY28,MY28_P03_day09,P03_day09,C:\Users\nicof\Desktop\proy_olga\Comparación de métodos\MY28\mdgm_rgb\P03_day09.png,C:\Users\nicof\Desktop\proy_olga\Comparación de métodos\MY28\masks_png_all\P03_day09_mask_class.png,52
MY28,MY28_P06_day08,P06_day08,C:\Users\nicof\Desktop\proy_olga\Comparación de métodos\MY28\mdgm_rgb\P06_day08.png,C:\Users\nicof\Desktop\proy_olga\Comparación de métodos\MY28\masks_png_all\P06_day08_mask_class.png,53
MY28,MY28_P12_day32,P12_day32,C:\Users\nicof\Desktop\proy_olga\Comparación de métodos\MY28\mdgm_rgb\P12_day32.png,C:\Users\nicof\Desktop\proy_olga\Comparación de métodos\MY28\masks_png_all\P12_day32_mask_class.png,54
MY28,MY28_P12_day21,P12_day21,C:\Users\nicof\Desktop\proy_olga\Comparación de métodos\MY28\mdgm_rgb\P12_day21.png,C:\Users\nicof\Desktop\proy_olga\Comparación de métodos\MY28\masks_png_all\P12_day21_mask_class.png,55
MY28,MY28_P02_day04,P02_day04,C:\Users\nicof\Desktop\proy_olga\Comparación de métodos\MY28\mdgm_rgb\P02_day04.png,C:\Users\nicof\Desktop\proy_olga\Comparación de métodos\MY28\masks_png_all\P02_day04_mask_class.png,56
MY28,MY28_P10_day03,P10_day03,C:\Users\nicof\Desktop\proy_olga\Comparación de métodos\MY28\mdgm_rgb\P10_day03.png,C:\Users\nicof\Desktop\proy_olga\Comparación de métodos\MY28\masks_png_all\P10_day03_mask_class.png,57
MY28,MY28_P06_day27,P06_day27,C:\Users\nicof\Desktop\proy_olga\Comparación de métodos\MY28\mdgm_rgb\P06_day27.png,C:\Users\nicof\Desktop\proy_olga\Comparación de métodos\MY28\masks_png_all\P06_day27_mask_class.png,58
MY28,MY28_P07_day32,P07_day32,C:\Users\nicof\Desktop\proy_olga\Comparación de métodos\MY28\mdgm_rgb\P07_day32.png,C:\Users\nicof\Desktop\proy_olga\Comparación de métodos\MY28\masks_png_all\P07_day32_mask_class.png,59
MY28,MY28_P05_day25,P05_day25,C:\Users\nicof\Desktop\proy_olga\Comparación de métodos\MY28\mdgm_rgb\P05_day25.png,C:\Users\nicof\Desktop\proy_olga\Comparación de métodos\MY28\masks_png_all\P05_day25_mask_class.png,60
MY28,MY28_P10_day02,P10_day02,C:\Users\nicof\Desktop\proy_olga\Comparación de métodos\MY28\mdgm_rgb\P10_day02.png,C:\Users\nicof\Desktop\proy_olga\Comparación de métodos\MY28\masks_png_all\P10_day02_mask_class.png,61
MY28,MY28_P13_day19,P13_day19,C:\Users\nicof\Desktop\proy_olga\Comparación de métodos\MY28\mdgm_rgb\P13_day19.png,C:\Users\nicof\Desktop\proy_olga\Comparación de métodos\MY28\masks_png_all\P13_day19_mask_class.png,62
MY28,MY28_P08_day15,P08_day15,C:\Users\nicof\Desktop\proy_olga\Comparación de métodos\MY28\mdgm_rgb\P08_day15.png,C:\Users\nicof\Desktop\proy_olga\Comparación de métodos\MY28\masks_png_all\P08_day15_mask_class.png,63
MY28,MY28_P12_day24,P12_day24,C:\Users\nicof\Desktop\proy_olga\Comparación de métodos\MY28\mdgm_rgb\P12_day24.png,C:\Users\nicof\Desktop\proy_olga\Comparación de métodos\MY28\masks_png_all\P12_day24_mask_class.png,64
MY28,MY28_P13_day24,P13_day24,C:\Users\nicof\Desktop\proy_olga\Comparación de métodos\MY28\mdgm_rgb\P13_day24.png,C:\Users\nicof\Desktop\proy_olga\Comparación de métodos\MY28\masks_png_all\P13_day24_mask_class.png,65
MY28,MY28_P13_day23,P13_day23,C:\Users\nicof\Desktop\proy_olga\Comparación de métodos\MY28\mdgm_rgb\P13_day23.png,C:\Users\nicof\Desktop\proy_olga\Comparación de métodos\MY28\masks_png_all\P13_day23_mask_class.png,66
MY28,MY28_P12_day19,P12_day19,C:\Users\nicof\Desktop\proy_olga\Comparación de métodos\MY28\mdgm_rgb\P12_day19.png,C:\Users\nicof\Desktop\proy_olga\Comparación de métodos\MY28\masks_png_all\P12_day19_mask_class.png,67
MY28,MY28_P02_day03,P02_day03,C:\Users\nicof\Desktop\proy_olga\Comparación de métodos\MY28\mdgm_rgb\P02_day03.png,C:\Users\nicof\Desktop\proy_olga\Comparación de métodos\MY28\masks_png_all\P02_day03_mask_class.png,68
MY28,MY28_P13_day26,P13_day26,C:\Users\nicof\Desktop\proy_olga\Comparación de métodos\MY28\mdgm_rgb\P13_day26.png,C:\Users\nicof\Desktop\proy_olga\Comparación de métodos\MY28\masks_png_all\P13_day26_mask_class.png,69
MY28,MY28_P06_day19,P06_day19,C:\Users\nicof\Desktop\proy_olga\Comparación de métodos\MY28\mdgm_rgb\P06_day19.png,C:\Users\nicof\Desktop\proy_olga\Comparación de métodos\MY28\masks_png_all\P06_day19_mask_class.png,70
MY28,MY28_P08_day21,P08_day21,C:\Users\nicof\Desktop\proy_olga\Comparación de métodos\MY28\mdgm_rgb\P08_day21.png,C:\Users\nicof\Desktop\proy_olga\Comparación de métodos\MY28\masks_png_all\P08_day21_mask_class.png,71
MY28,MY28_P12_day31,P12_day31,C:\Users\nicof\Desktop\proy_olga\Comparación de métodos\MY28\mdgm_rgb\P12_day31.png,C:\Users\nicof\Desktop\proy_olga\Comparación de métodos\MY28\masks_png_all\P12_day31_mask_class.png,72
MY28,MY28_P13_day07,P13_day07,C:\Users\nicof\Desktop\proy_olga\Comparación de métodos\MY28\mdgm_rgb\P13_day07.png,C:\Users\nicof\Desktop\proy_olga\Comparación de métodos\MY28\masks_png_all\P13_day07_mask_class.png,73
MY28,MY28_P08_day16,P08_day16,C:\Users\nicof\Desktop\proy_olga\Comparación de métodos\MY28\mdgm_rgb\P08_day16.png,C:\Users\nicof\Desktop\proy_olga\Comparación de métodos\MY28\masks_png_all\P08_day16_mask_class.png,74
MY28,MY28_P08_day19,P08_day19,C:\Users\nicof\Desktop\proy_olga\Comparación de métodos\MY28\mdgm_rgb\P08_day19.png,C:\Users\nicof\Desktop\proy_olga\Comparación de métodos\MY28\masks_png_all\P08_day19_mask_class.png,75
MY28,MY28_P07_day27,P07_day27,C:\Users\nicof\Desktop\proy_olga\Comparación de métodos\MY28\mdgm_rgb\P07_day27.png,C:\Users\nicof\Desktop\proy_olga\Comparación de métodos\MY28\masks_png_all\P07_day27_mask_class.png,76
MY28,MY28_P07_day16,P07_day16,C:\Users\nicof\Desktop\proy_olga\Comparación de métodos\MY28\mdgm_rgb\P07_day16.png,C:\Users\nicof\Desktop\proy_olga\Comparación de métodos\MY28\masks_png_all\P07_day16_mask_class.png,77
MY28,MY28_P08_day20,P08_day20,C:\Users\nicof\Desktop\proy_olga\Comparación de métodos\MY28\mdgm_rgb\P08_day20.png,C:\Users\nicof\Desktop\proy_olga\Comparación de métodos\MY28\masks_png_all\P08_day20_mask_class.png,78
MY28,MY28_P08_day18,P08_day18,C:\Users\nicof\Desktop\proy_olga\Comparación de métodos\MY28\mdgm_rgb\P08_day18.png,C:\Users\nicof\Desktop\proy_olga\Comparación de métodos\MY28\masks_png_all\P08_day18_mask_class.png,79
MY28,MY28_P10_day04,P10_day04,C:\Users\nicof\Desktop\proy_olga\Comparación de métodos\MY28\mdgm_rgb\P10_day04.png,C:\Users\nicof\Desktop\proy_olga\Comparación de métodos\MY28\masks_png_all\P10_day04_mask_class.png,80
MY28,MY28_P12_day22,P12_day22,C:\Users\nicof\Desktop\proy_olga\Comparación de métodos\MY28\mdgm_rgb\P12_day22.png,C:\Users\nicof\Desktop\proy_olga\Comparación de métodos\MY28\masks_png_all\P12_day22_mask_class.png,81
MY28,MY28_P04_day26,P04_day26,C:\Users\nicof\Desktop\proy_olga\Comparación de métodos\MY28\mdgm_rgb\P04_day26.png,C:\Users\nicof\Desktop\proy_olga\Comparación de métodos\MY28\masks_png_all\P04_day26_mask_class.png,82
MY28,MY28_P12_day23,P12_day23,C:\Users\nicof\Desktop\proy_olga\Comparación de métodos\MY28\mdgm_rgb\P12_day23.png,C:\Users\nicof\Desktop\proy_olga\Comparación de métodos\MY28\masks_png_all\P12_day23_mask_class.png,83
MY28,MY28_P08_day24,P08_day24,C:\Users\nicof\Desktop\proy_olga\Comparación de métodos\MY28\mdgm_rgb\P08_day24.png,C:\Users\nicof\Desktop\proy_olga\Comparación de métodos\MY28\masks_png_all\P08_day24_mask_class.png,84
MY28,MY28_P08_day06,P08_day06,C:\Users\nicof\Desktop\proy_olga\Comparación de métodos\MY28\mdgm_rgb\P08_day06.png,C:\Users\nicof\Desktop\proy_olga\Comparación de métodos\MY28\masks_png_all\P08_day06_mask_class.png,85
MY28,MY28_P07_day24,P07_day24,C:\Users\nicof\Desktop\proy_olga\Comparación de métodos\MY28\mdgm_rgb\P07_day24.png,C:\Users\nicof\Desktop\proy_olga\Comparación de métodos\MY28\masks_png_all\P07_day24_mask_class.png,86
MY28,MY28_P06_day28,P06_day28,C:\Users\nicof\Desktop\proy_olga\Comparación de métodos\MY28\mdgm_rgb\P06_day28.png,C:\Users\nicof\Desktop\proy_olga\Comparación de métodos\MY28\masks_png_all\P06_day28_mask_class.png,87
MY28,MY28_P02_day01,P02_day01,C:\Users\nicof\Desktop\proy_olga\Comparación de métodos\MY28\mdgm_rgb\P02_day01.png,C:\Users\nicof\Desktop\proy_olga\Comparación de métodos\MY28\masks_png_all\P02_day01_mask_class.png,88
MY28,MY28_P08_day05,P08_day05,C:\Users\nicof\Desktop\proy_olga\Comparación de métodos\MY28\mdgm_rgb\P08_day05.png,C:\Users\nicof\Desktop\proy_olga\Comparación de métodos\MY28\masks_png_all\P08_day05_mask_class.png,89
MY28,MY28_P01_day21,P01_day21,C:\Users\nicof\Desktop\proy_olga\Comparación de métodos\MY28\mdgm_rgb\P01_day21.png,C:\Users\nicof\Desktop\proy_olga\Comparación de métodos\MY28\masks_png_all\P01_day21_mask_class.png,90
MY28,MY28_P08_day09,P08_day09,C:\Users\nicof\Desktop\proy_olga\Comparación de métodos\MY28\mdgm_rgb\P08_day09.png,C:\Users\nicof\Desktop\proy_olga\Comparación de métodos\MY28\masks_png_all\P08_day09_mask_class.png,91
MY28,MY28_P13_day22,P13_day22,C:\Users\nicof\Desktop\proy_olga\Comparación de métodos\MY28\mdgm_rgb\P13_day22.png,C:\Users\nicof\Desktop\proy_olga\Comparación de métodos\MY28\masks_png_all\P13_day22_mask_class.png,92
MY28,MY28_P04_day28,P04_day28,C:\Users\nicof\Desktop\proy_olga\Comparación de métodos\MY28\mdgm_rgb\P04_day28.png,C:\Users\nicof\Desktop\proy_olga\Comparación de métodos\MY28\masks_png_all\P04_day28_mask_class.png,93
MY28,MY28_P06_day06,P06_day06,C:\Users\nicof\Desktop\proy_olga\Comparación de métodos\MY28\mdgm_rgb\P06_day06.png,C:\Users\nicof\Desktop\proy_olga\Comparación de métodos\MY28\masks_png_all\P06_day06_mask_class.png,94
MY28,MY28_P12_day20,P12_day20,C:\Users\nicof\Desktop\proy_olga\Comparación de métodos\MY28\mdgm_rgb\P12_day20.png,C:\Users\nicof\Desktop\proy_olga\Comparación de métodos\MY28\masks_png_all\P12_day20_mask_class.png,95
MY28,MY28_P06_day16,P06_day16,C:\Users\nicof\Desktop\proy_olga\Comparación de métodos\MY28\mdgm_rgb\P06_day16.png,C:\Users\nicof\Desktop\proy_olga\Comparación de métodos\MY28\masks_png_all\P06_day16_mask_class.png,96
MY28,MY28_P08_day22,P08_day22,C:\Users\nicof\Desktop\proy_olga\Comparación de métodos\MY28\mdgm_rgb\P08_day22.png,C:\Users\nicof\Desktop\proy_olga\Comparación de métodos\MY28\masks_png_all\P08_day22_mask_class.png,97
MY28,MY28_P13_day27,P13_day27,C:\Users\nicof\Desktop\proy_olga\Comparación de métodos\MY28\mdgm_rgb\P13_day27.png,C:\Users\nicof\Desktop\proy_olga\Comparación de métodos\MY28\masks_png_all\P13_day27_mask_class.png,98
MY28,MY28_P06_day32,P06_day32,C:\Users\nicof\Desktop\proy_olga\Comparación de métodos\MY28\mdgm_rgb\P06_day32.png,C:\Users\nicof\Desktop\proy_olga\Comparación de métodos\MY28\masks_png_all\P06_day32_mask_class.png,99
MY31,MY31_D12_day12,D12_day12,C:\Users\nicof\Desktop\proy_olga\Comparación de métodos\MY31\mdgm_rgb\D12_day12.png,C:\Users\nicof\Desktop\proy_olga\Comparación de métodos\MY31\masks_png_all\D12_day12_mask_class.png,0
MY31,MY31_D12_day08,D12_day08,C:\Users\nicof\Desktop\proy_olga\Comparación de métodos\MY31\mdgm_rgb\D12_day08.png,C:\Users\nicof\Desktop\proy_olga\Comparación de métodos\MY31\masks_png_all\D12_day08_mask_class.png,1
MY31,MY31_D14_day18,D14_day18,C:\Users\nicof\Desktop\proy_olga\Comparación de métodos\MY31\mdgm_rgb\D14_day18.png,C:\Users\nicof\Desktop\proy_olga\Comparación de métodos\MY31\masks_png_all\D14_day18_mask_class.png,2
MY31,MY31_D04_day24,D04_day24,C:\Users\nicof\Desktop\proy_olga\Comparación de métodos\MY31\mdgm_rgb\D04_day24.png,C:\Users\nicof\Desktop\proy_olga\Comparación de métodos\MY31\masks_png_all\D04_day24_mask_class.png,3
MY31,MY31_D12_day16,D12_day16,C:\Users\nicof\Desktop\proy_olga\Comparación de métodos\MY31\mdgm_rgb\D12_day16.png,C:\Users\nicof\Desktop\proy_olga\Comparación de métodos\MY31\masks_png_all\D12_day16_mask_class.png,4
MY31,MY31_D11_day28,D11_day28,C:\Users\nicof\Desktop\proy_olga\Comparación de métodos\MY31\mdgm_rgb\D11_day28.png,C:\Users\nicof\Desktop\proy_olga\Comparación de métodos\MY31\masks_png_all\D11_day28_mask_class.png,5
MY31,MY31_D06_day28,D06_day28,C:\Users\nicof\Desktop\proy_olga\Comparación de métodos\MY31\mdgm_rgb\D06_day28.png,C:\Users\nicof\Desktop\proy_olga\Comparación de métodos\MY31\masks_png_all\D06_day28_mask_class.png,6
MY31,MY31_D12_day18,D12_day18,C:\Users\nicof\Desktop\proy_olga\Comparación de métodos\MY31\mdgm_rgb\D12_day18.png,C:\Users\nicof\Desktop\proy_olga\Comparación de métodos\MY31\masks_png_all\D12_day18_mask_class.png,7
MY31,MY31_D11_day30,D11_day30,C:\Users\nicof\Desktop\proy_olga\Comparación de métodos\MY31\mdgm_rgb\D11_day30.png,C:\Users\nicof\Desktop\proy_olga\Comparación de métodos\MY31\masks_png_all\D11_day30_mask_class.png,8
MY31,MY31_D11_day31,D11_day31,C:\Users\nicof\Desktop\proy_olga\Comparación de métodos\MY31\mdgm_rgb\D11_day31.png,C:\Users\nicof\Desktop\proy_olga\Comparación de métodos\MY31\masks_png_all\D11_day31_mask_class.png,9
MY31,MY31_D04_day19,D04_day19,C:\Users\nicof\Desktop\proy_olga\Comparación de métodos\MY31\mdgm_rgb\D04_day19.png,C:\Users\nicof\Desktop\proy_olga\Comparación de métodos\MY31\masks_png_all\D04_day19_mask_class.png,10
MY31,MY31_D04_day28,D04_day28,C:\Users\nicof\Desktop\proy_olga\Comparación de métodos\MY31\mdgm_rgb\D04_day28.png,C:\Users\nicof\Desktop\proy_olga\Comparación de métodos\MY31\masks_png_all\D04_day28_mask_class.png,11
MY31,MY31_D14_day19,D14_day19,C:\Users\nicof\Desktop\proy_olga\Comparación de métodos\MY31\mdgm_rgb\D14_day19.png,C:\Users\nicof\Desktop\proy_olga\Comparación de métodos\MY31\masks_png_all\D14_day19_mask_class.png,12
MY31,MY31_D04_day25,D04_day25,C:\Users\nicof\Desktop\proy_olga\Comparación de métodos\MY31\mdgm_rgb\D04_day25.png,C:\Users\nicof\Desktop\proy_olga\Comparación de métodos\MY31\masks_png_all\D04_day25_mask_class.png,13
MY31,MY31_D06_day30,D06_day30,C:\Users\nicof\Desktop\proy_olga\Comparación de métodos\MY31\mdgm_rgb\D06_day30.png,C:\Users\nicof\Desktop\proy_olga\Comparación de métodos\MY31\masks_png_all\D06_day30_mask_class.png,14
MY31,MY31_D04_day20,D04_day20,C:\Users\nicof\Desktop\proy_olga\Comparación de métodos\MY31\mdgm_rgb\D04_day20.png,C:\Users\nicof\Desktop\proy_olga\Comparación de métodos\MY31\masks_png_all\D04_day20_mask_class.png,15
MY31,MY31_D04_day29,D04_day29,C:\Users\nicof\Desktop\proy_olga\Comparación de métodos\MY31\mdgm_rgb\D04_day29.png,C:\Users\nicof\Desktop\proy_olga\Comparación de métodos\MY31\masks_png_all\D04_day29_mask_class.png,16
MY31,MY31_D04_day27,D04_day27,C:\Users\nicof\Desktop\proy_olga\Comparación de métodos\MY31\mdgm_rgb\D04_day27.png,C:\Users\nicof\Desktop\proy_olga\Comparación de métodos\MY31\masks_png_all\D04_day27_mask_class.png,17
MY31,MY31_D07_day23,D07_day23,C:\Users\nicof\Desktop\proy_olga\Comparación de métodos\MY31\mdgm_rgb\D07_day23.png,C:\Users\nicof\Desktop\proy_olga\Comparación de métodos\MY31\masks_png_all\D07_day23_mask_class.png,18
MY31,MY31_D11_day15,D11_day15,C:\Users\nicof\Desktop\proy_olga\Comparación de métodos\MY31\mdgm_rgb\D11_day15.png,C:\Users\nicof\Desktop\proy_olga\Comparación de métodos\MY31\masks_png_all\D11_day15_mask_class.png,19
MY31,MY31_D04_day16,D04_day16,C:\Users\nicof\Desktop\proy_olga\Comparación de métodos\MY31\mdgm_rgb\D04_day16.png,C:\Users\nicof\Desktop\proy_olga\Comparación de métodos\MY31\masks_png_all\D04_day16_mask_class.png,20
MY31,MY31_D07_day21,D07_day21,C:\Users\nicof\Desktop\proy_olga\Comparación de métodos\MY31\mdgm_rgb\D07_day21.png,C:\Users\nicof\Desktop\proy_olga\Comparación de métodos\MY31\masks_png_all\D07_day21_mask_class.png,21
MY31,MY31_D04_day22,D04_day22,C:\Users\nicof\Desktop\proy_olga\Comparación de métodos\MY31\mdgm_rgb\D04_day22.png,C:\Users\nicof\Desktop\proy_olga\Comparación de métodos\MY31\masks_png_all\D04_day22_mask_class.png,22
MY31,MY31_D04_day21,D04_day21,C:\Users\nicof\Desktop\proy_olga\Comparación de métodos\MY31\mdgm_rgb\D04_day21.png,C:\Users\nicof\Desktop\proy_olga\Comparación de métodos\MY31\masks_png_all\D04_day21_mask_class.png,23
MY31,MY31_D07_day22,D07_day22,C:\Users\nicof\Desktop\proy_olga\Comparación de métodos\MY31\mdgm_rgb\D07_day22.png,C:\Users\nicof\Desktop\proy_olga\Comparación de métodos\MY31\masks_png_all\D07_day22_mask_class.png,24
MY31,MY31_D06_day32,D06_day32,C:\Users\nicof\Desktop\proy_olga\Comparación de métodos\MY31\mdgm_rgb\D06_day32.png,C:\Users\nicof\Desktop\proy_olga\Comparación de métodos\MY31\masks_png_all\D06_day32_mask_class.png,25
MY31,MY31_D06_day04,D06_day04,C:\Users\nicof\Desktop\proy_olga\Comparación de métodos\MY31\mdgm_rgb\D06_day04.png,C:\Users\nicof\Desktop\proy_olga\Comparación de métodos\MY31\masks_png_all\D06_day04_mask_class.png,26
MY31,MY31_D11_day19,D11_day19,C:\Users\nicof\Desktop\proy_olga\Comparación de métodos\MY31\mdgm_rgb\D11_day19.png,C:\Users\nicof\Desktop\proy_olga\Comparación de métodos\MY31\masks_png_all\D11_day19_mask_class.png,27
MY31,MY31_D07_day01,D07_day01,C:\Users\nicof\Desktop\proy_olga\Comparación de métodos\MY31\mdgm_rgb\D07_day01.png,C:\Users\nicof\Desktop\proy_olga\Comparación de métodos\MY31\masks_png_all\D07_day01_mask_class.png,28
MY31,MY31_D04_day11,D04_day11,C:\Users\nicof\Desktop\proy_olga\Comparación de métodos\MY31\mdgm_rgb\D04_day11.png,C:\Users\nicof\Desktop\proy_olga\Comparación de métodos\MY31\masks_png_all\D04_day11_mask_class.png,29
MY31,MY31_G16_day14,G16_day14,C:\Users\nicof\Desktop\proy_olga\Comparación de métodos\MY31\mdgm_rgb\G16_day14.png,C:\Users\nicof\Desktop\proy_olga\Comparación de métodos\MY31\masks_png_all\G16_day14_mask_class.png,30
MY31,MY31_D05_day33,D05_day33,C:\Users\nicof\Desktop\proy_olga\Comparación de métodos\MY31\mdgm_rgb\D05_day33.png,C:\Users\nicof\Desktop\proy_olga\Comparación de métodos\MY31\masks_png_all\D05_day33_mask_class.png,31
MY31,MY31_D03_day01,D03_day01,C:\Users\nicof\Desktop\proy_olga\Comparación de métodos\MY31\mdgm_rgb\D03_day01.png,C:\Users\nicof\Desktop\proy_olga\Comparación de métodos\MY31\masks_png_all\D03_day01_mask_class.png,32
MY31,MY31_D02_day22,D02_day22,C:\Users\nicof\Desktop\proy_olga\Comparación de métodos\MY31\mdgm_rgb\D02_day22.png,C:\Users\nicof\Desktop\proy_olga\Comparación de métodos\MY31\masks_png_all\D02_day22_mask_class.png,33
MY31,MY31_D03_day05,D03_day05,C:\Users\nicof\Desktop\proy_olga\Comparación de métodos\MY31\mdgm_rgb\D03_day05.png,C:\Users\nicof\Desktop\proy_olga\Comparación de métodos\MY31\masks_png_all\D03_day05_mask_class.png,34
MY31,MY31_D11_day14,D11_day14,C:\Users\nicof\Desktop\proy_olga\Comparación de métodos\MY31\mdgm_rgb\D11_day14.png,C:\Users\nicof\Desktop\proy_olga\Comparación de métodos\MY31\masks_png_all\D11_day14_mask_class.png,35
MY31,MY31_D13_day01,D13_day01,C:\Users\nicof\Desktop\proy_olga\Comparación de métodos\MY31\mdgm_rgb\D13_day01.png,C:\Users\nicof\Desktop\proy_olga\Comparación de métodos\MY31\masks_png_all\D13_day01_mask_class.png,36
MY31,MY31_G16_day08,G16_day08,C:\Users\nicof\Desktop\proy_olga\Comparación de métodos\MY31\mdgm_rgb\G16_day08.png,C:\Users\nicof\Desktop\proy_olga\Comparación de métodos\MY31\masks_png_all\G16_day08_mask_class.png,37
MY31,MY31_D12_day21,D12_day21,C:\Users\nicof\Desktop\proy_olga\Comparación de métodos\MY31\mdgm_rgb\D12_day21.png,C:\Users\nicof\Desktop\proy_olga\Comparación de métodos\MY31\masks_png_all\D12_day21_mask_class.png,38
MY31,MY31_D03_day04,D03_day04,C:\Users\nicof\Desktop\proy_olga\Comparación de métodos\MY31\mdgm_rgb\D03_day04.png,C:\Users\nicof\Desktop\proy_olga\Comparación de métodos\MY31\masks_png_all\D03_day04_mask_class.png,39
MY31,MY31_G15_day31,G15_day31,C:\Users\nicof\Desktop\proy_olga\Comparación de métodos\MY31\mdgm_rgb\G15_day31.png,C:\Users\nicof\Desktop\proy_olga\Comparación de métodos\MY31\masks_png_all\G15_day31_mask_class.png,40
MY31,MY31_D14_day10,D14_day10,C:\Users\nicof\Desktop\proy_olga\Comparación de métodos\MY31\mdgm_rgb\D14_day10.png,C:\Users\nicof\Desktop\proy_olga\Comparación de métodos\MY31\masks_png_all\D14_day10_mask_class.png,41
MY31,MY31_D14_day33,D14_day33,C:\Users\nicof\Desktop\proy_olga\Comparación de métodos\MY31\mdgm_rgb\D14_day33.png,C:\Users\nicof\Desktop\proy_olga\Comparación de métodos\MY31\masks_png_all\D14_day33_mask_class.png,42
MY31,MY31_D11_day13,D11_day13,C:\Users\nicof\Desktop\proy_olga\Comparación de métodos\MY31\mdgm_rgb\D11_day13.png,C:\Users\nicof\Desktop\proy_olga\Comparación de métodos\MY31\masks_png_all\D11_day13_mask_class.png,43
MY31,MY31_G16_day07,G16_day07,C:\Users\nicof\Desktop\proy_olga\Comparación de métodos\MY31\mdgm_rgb\G16_day07.png,C:\Users\nicof\Desktop\proy_olga\Comparación de métodos\MY31\masks_png_all\G16_day07_mask_class.png,44
MY31,MY31_G18_day28,G18_day28,C:\Users\nicof\Desktop\proy_olga\Comparación de métodos\MY31\mdgm_rgb\G18_day28.png,C:\Users\nicof\Desktop\proy_olga\Comparación de métodos\MY31\masks_png_all\G18_day28_mask_class.png,45
MY31,MY31_D02_day14,D02_day14,C:\Users\nicof\Desktop\proy_olga\Comparación de métodos\MY31\mdgm_rgb\D02_day14.png,C:\Users\nicof\Desktop\proy_olga\Comparación de métodos\MY31\masks_png_all\D02_day14_mask_class.png,46
MY31,MY31_D13_day12,D13_day12,C:\Users\nicof\Desktop\proy_olga\Comparación de métodos\MY31\mdgm_rgb\D13_day12.png,C:\Users\nicof\Desktop\proy_olga\Comparación de métodos\MY31\masks_png_all\D13_day12_mask_class.png,47
MY31,MY31_G18_day06,G18_day06,C:\Users\nicof\Desktop\proy_olga\Comparación de métodos\MY31\mdgm_rgb\G18_day06.png,C:\Users\nicof\Desktop\proy_olga\Comparación de métodos\MY31\masks_png_all\G18_day06_mask_class.png,48
MY31,MY31_G15_day18,G15_day18,C:\Users\nicof\Desktop\proy_olga\Comparación de métodos\MY31\mdgm_rgb\G15_day18.png,C:\Users\nicof\Desktop\proy_olga\Comparación de métodos\MY31\masks_png_all\G15_day18_mask_class.png,49
MY31,MY31_D13_day32,D13_day32,C:\Users\nicof\Desktop\proy_olga\Comparación de métodos\MY31\mdgm_rgb\D13_day32.png,C:\Users\nicof\Desktop\proy_olga\Comparación de métodos\MY31\masks_png_all\D13_day32_mask_class.png,50
MY31,MY31_G15_day27,G15_day27,C:\Users\nicof\Desktop\proy_olga\Comparación de métodos\MY31\mdgm_rgb\G15_day27.png,C:\Users\nicof\Desktop\proy_olga\Comparación de métodos\MY31\masks_png_all\G15_day27_mask_class.png,51
MY31,MY31_G16_day03,G16_day03,C:\Users\nicof\Desktop\proy_olga\Comparación de métodos\MY31\mdgm_rgb\G16_day03.png,C:\Users\nicof\Desktop\proy_olga\Comparación de métodos\MY31\masks_png_all\G16_day03_mask_class.png,52
MY31,MY31_G19_day32,G19_day32,C:\Users\nicof\Desktop\proy_olga\Comparación de métodos\MY31\mdgm_rgb\G19_day32.png,C:\Users\nicof\Desktop\proy_olga\Comparación de métodos\MY31\masks_png_all\G19_day32_mask_class.png,53
MY31,MY31_D14_day08,D14_day08,C:\Users\nicof\Desktop\proy_olga\Comparación de métodos\MY31\mdgm_rgb\D14_day08.png,C:\Users\nicof\Desktop\proy_olga\Comparación de métodos\MY31\masks_png_all\D14_day08_mask_class.png,54
MY31,MY31_G15_day30,G15_day30,C:\Users\nicof\Desktop\proy_olga\Comparación de métodos\MY31\mdgm_rgb\G15_day30.png,C:\Users\nicof\Desktop\proy_olga\Comparación de métodos\MY31\masks_png_all\G15_day30_mask_class.png,55
MY31,MY31_G17_day29,G17_day29,C:\Users\nicof\Desktop\proy_olga\Comparación de métodos\MY31\mdgm_rgb\G17_day29.png,C:\Users\nicof\Desktop\proy_olga\Comparación de métodos\MY31\masks_png_all\G17_day29_mask_class.png,56
MY31,MY31_G15_day28,G15_day28,C:\Users\nicof\Desktop\proy_olga\Comparación de métodos\MY31\mdgm_rgb\G15_day28.png,C:\Users\nicof\Desktop\proy_olga\Comparación de métodos\MY31\masks_png_all\G15_day28_mask_class.png,57
MY31,MY31_D06_day12,D06_day12,C:\Users\nicof\Desktop\proy_olga\Comparación de métodos\MY31\mdgm_rgb\D06_day12.png,C:\Users\nicof\Desktop\proy_olga\Comparación de métodos\MY31\masks_png_all\D06_day12_mask_class.png,58
MY31,MY31_D11_day18,D11_day18,C:\Users\nicof\Desktop\proy_olga\Comparación de métodos\MY31\mdgm_rgb\D11_day18.png,C:\Users\nicof\Desktop\proy_olga\Comparación de métodos\MY31\masks_png_all\D11_day18_mask_class.png,59
MY31,MY31_D02_day23,D02_day23,C:\Users\nicof\Desktop\proy_olga\Comparación de métodos\MY31\mdgm_rgb\D02_day23.png,C:\Users\nicof\Desktop\proy_olga\Comparación de métodos\MY31\masks_png_all\D02_day23_mask_class.png,60
MY31,MY31_D13_day11,D13_day11,C:\Users\nicof\Desktop\proy_olga\Comparación de métodos\MY31\mdgm_rgb\D13_day11.png,C:\Users\nicof\Desktop\proy_olga\Comparación de métodos\MY31\masks_png_all\D13_day11_mask_class.png,61
MY31,MY31_D05_day14,D05_day14,C:\Users\nicof\Desktop\proy_olga\Comparación de métodos\MY31\mdgm_rgb\D05_day14.png,C:\Users\nicof\Desktop\proy_olga\Comparación de métodos\MY31\masks_png_all\D05_day14_mask_class.png,62
MY31,MY31_D08_day29,D08_day29,C:\Users\nicof\Desktop\proy_olga\Comparación de métodos\MY31\mdgm_rgb\D08_day29.png,C:\Users\nicof\Desktop\proy_olga\Comparación de métodos\MY31\masks_png_all\D08_day29_mask_class.png,63
MY31,MY31_G18_day29,G18_day29,C:\Users\nicof\Desktop\proy_olga\Comparación de métodos\MY31\mdgm_rgb\G18_day29.png,C:\Users\nicof\Desktop\proy_olga\Comparación de métodos\MY31\masks_png_all\G18_day29_mask_class.png,64
MY31,MY31_G16_day13,G16_day13,C:\Users\nicof\Desktop\proy_olga\Comparación de métodos\MY31\mdgm_rgb\G16_day13.png,C:\Users\nicof\Desktop\proy_olga\Comparación de métodos\MY31\masks_png_all\G16_day13_mask_class.png,65
MY31,MY31_D11_day21,D11_day21,C:\Users\nicof\Desktop\proy_olga\Comparación de métodos\MY31\mdgm_rgb\D11_day21.png,C:\Users\nicof\Desktop\proy_olga\Comparación de métodos\MY31\masks_png_all\D11_day21_mask_class.png,66
MY31,MY31_D14_day32,D14_day32,C:\Users\nicof\Desktop\proy_olga\Comparación de métodos\MY31\mdgm_rgb\D14_day32.png,C:\Users\nicof\Desktop\proy_olga\Comparación de métodos\MY31\masks_png_all\D14_day32_mask_class.png,67
MY31,MY31_D11_day20,D11_day20,C:\Users\nicof\Desktop\proy_olga\Comparación de métodos\MY31\mdgm_rgb\D11_day20.png,C:\Users\nicof\Desktop\proy_olga\Comparación de métodos\MY31\masks_png_all\D11_day20_mask_class.png,68
MY31,MY31_D13_day30,D13_day30,C:\Users\nicof\Desktop\proy_olga\Comparación de métodos\MY31\mdgm_rgb\D13_day30.png,C:\Users\nicof\Desktop\proy_olga\Comparación de métodos\MY31\masks_png_all\D13_day30_mask_class.png,69
MY31,MY31_D08_day27,D08_day27,C:\Users\nicof\Desktop\proy_olga\Comparación de métodos\MY31\mdgm_rgb\D08_day27.png,C:\Users\nicof\Desktop\proy_olga\Comparación de métodos\MY31\masks_png_all\D08_day27_mask_class.png,70
MY31,MY31_D13_day23,D13_day23,C:\Users\nicof\Desktop\proy_olga\Comparación de métodos\MY31\mdgm_rgb\D13_day23.png,C:\Users\nicof\Desktop\proy_olga\Comparación de métodos\MY31\masks_png_all\D13_day23_mask_class.png,71
MY31,MY31_D08_day06,D08_day06,C:\Users\nicof\Desktop\proy_olga\Comparación de métodos\MY31\mdgm_rgb\D08_day06.png,C:\Users\nicof\Desktop\proy_olga\Comparación de métodos\MY31\masks_png_all\D08_day06_mask_class.png,72
MY31,MY31_D14_day11,D14_day11,C:\Users\nicof\Desktop\proy_olga\Comparación de métodos\MY31\mdgm_rgb\D14_day11.png,C:\Users\nicof\Desktop\proy_olga\Comparación de métodos\MY31\masks_png_all\D14_day11_mask_class.png,73
MY31,MY31_G18_day16,G18_day16,C:\Users\nicof\Desktop\proy_olga\Comparación de métodos\MY31\mdgm_rgb\G18_day16.png,C:\Users\nicof\Desktop\proy_olga\Comparación de métodos\MY31\masks_png_all\G18_day16_mask_class.png,74
MY31,MY31_G18_day30,G18_day30,C:\Users\nicof\Desktop\proy_olga\Comparación de métodos\MY31\mdgm_rgb\G18_day30.png,C:\Users\nicof\Desktop\proy_olga\Comparación de métodos\MY31\masks_png_all\G18_day30_mask_class.png,75
MY31,MY31_G18_day07,G18_day07,C:\Users\nicof\Desktop\proy_olga\Comparación de métodos\MY31\mdgm_rgb\G18_day07.png,C:\Users\nicof\Desktop\proy_olga\Comparación de métodos\MY31\masks_png_all\G18_day07_mask_class.png,76
MY31,MY31_D08_day28,D08_day28,C:\Users\nicof\Desktop\proy_olga\Comparación de métodos\MY31\mdgm_rgb\D08_day28.png,C:\Users\nicof\Desktop\proy_olga\Comparación de métodos\MY31\masks_png_all\D08_day28_mask_class.png,77
MY31,MY31_D02_day08,D02_day08,C:\Users\nicof\Desktop\proy_olga\Comparación de métodos\MY31\mdgm_rgb\D02_day08.png,C:\Users\nicof\Desktop\proy_olga\Comparación de métodos\MY31\masks_png_all\D02_day08_mask_class.png,78
MY31,MY31_G15_day19,G15_day19,C:\Users\nicof\Desktop\proy_olga\Comparación de métodos\MY31\mdgm_rgb\G15_day19.png,C:\Users\nicof\Desktop\proy_olga\Comparación de métodos\MY31\masks_png_all\G15_day19_mask_class.png,79
MY31,MY31_D05_day13,D05_day13,C:\Users\nicof\Desktop\proy_olga\Comparación de métodos\MY31\mdgm_rgb\D05_day13.png,C:\Users\nicof\Desktop\proy_olga\Comparación de métodos\MY31\masks_png_all\D05_day13_mask_class.png,80
MY31,MY31_D04_day04,D04_day04,C:\Users\nicof\Desktop\proy_olga\Comparación de métodos\MY31\mdgm_rgb\D04_day04.png,C:\Users\nicof\Desktop\proy_olga\Comparación de métodos\MY31\masks_png_all\D04_day04_mask_class.png,81
MY31,MY31_D02_day13,D02_day13,C:\Users\nicof\Desktop\proy_olga\Comparación de métodos\MY31\mdgm_rgb\D02_day13.png,C:\Users\nicof\Desktop\proy_olga\Comparación de métodos\MY31\masks_png_all\D02_day13_mask_class.png,82
MY31,MY31_G15_day21,G15_day21,C:\Users\nicof\Desktop\proy_olga\Comparación de métodos\MY31\mdgm_rgb\G15_day21.png,C:\Users\nicof\Desktop\proy_olga\Comparación de métodos\MY31\masks_png_all\G15_day21_mask_class.png,83
MY31,MY31_D12_day33,D12_day33,C:\Users\nicof\Desktop\proy_olga\Comparación de métodos\MY31\mdgm_rgb\D12_day33.png,C:\Users\nicof\Desktop\proy_olga\Comparación de métodos\MY31\masks_png_all\D12_day33_mask_class.png,84
MY31,MY31_D06_day11,D06_day11,C:\Users\nicof\Desktop\proy_olga\Comparación de métodos\MY31\mdgm_rgb\D06_day11.png,C:\Users\nicof\Desktop\proy_olga\Comparación de métodos\MY31\masks_png_all\D06_day11_mask_class.png,85
MY31,MY31_D08_day30,D08_day30,C:\Users\nicof\Desktop\proy_olga\Comparación de métodos\MY31\mdgm_rgb\D08_day30.png,C:\Users\nicof\Desktop\proy_olga\Comparación de métodos\MY31\masks_png_all\D08_day30_mask_class.png,86
MY31,MY31_D05_day24,D05_day24,C:\Users\nicof\Desktop\proy_olga\Comparación de métodos\MY31\mdgm_rgb\D05_day24.png,C:\Users\nicof\Desktop\proy_olga\Comparación de métodos\MY31\masks_png_all\D05_day24_mask_class.png,87
MY31,MY31_G17_day03,G17_day03,C:\Users\nicof\Desktop\proy_olga\Comparación de métodos\MY31\mdgm_rgb\G17_day03.png,C:\Users\nicof\Desktop\proy_olga\Comparación de métodos\MY31\masks_png_all\G17_day03_mask_class.png,88
MY31,MY31_D14_day07,D14_day07,C:\Users\nicof\Desktop\proy_olga\Comparación de métodos\MY31\mdgm_rgb\D14_day07.png,C:\Users\nicof\Desktop\proy_olga\Comparación de métodos\MY31\masks_png_all\D14_day07_mask_class.png,89
MY31,MY31_G17_day28,G17_day28,C:\Users\nicof\Desktop\proy_olga\Comparación de métodos\MY31\mdgm_rgb\G17_day28.png,C:\Users\nicof\Desktop\proy_olga\Comparación de métodos\MY31\masks_png_all\G17_day28_mask_class.png,90
MY31,MY31_D03_day33,D03_day33,C:\Users\nicof\Desktop\proy_olga\Comparación de métodos\MY31\mdgm_rgb\D03_day33.png,C:\Users\nicof\Desktop\proy_olga\Comparación de métodos\MY31\masks_png_all\D03_day33_mask_class.png,91
MY31,MY31_D08_day31,D08_day31,C:\Users\nicof\Desktop\proy_olga\Comparación de métodos\MY31\mdgm_rgb\D08_day31.png,C:\Users\nicof\Desktop\proy_olga\Comparación de métodos\MY31\masks_png_all\D08_day31_mask_class.png,92
MY31,MY31_D13_day14,D13_day14,C:\Users\nicof\Desktop\proy_olga\Comparación de métodos\MY31\mdgm_rgb\D13_day14.png,C:\Users\nicof\Desktop\proy_olga\Comparación de métodos\MY31\masks_png_all\D13_day14_mask_class.png,93
MY31,MY31_D11_day12,D11_day12,C:\Users\nicof\Desktop\proy_olga\Comparación de métodos\MY31\mdgm_rgb\D11_day12.png,C:\Users\nicof\Desktop\proy_olga\Comparación de métodos\MY31\masks_png_all\D11_day12_mask_class.png,94
MY31,MY31_D09_day05,D09_day05,C:\Users\nicof\Desktop\proy_olga\Comparación de métodos\MY31\mdgm_rgb\D09_day05.png,C:\Users\nicof\Desktop\proy_olga\Comparación de métodos\MY31\masks_png_all\D09_day05_mask_class.png,95
MY31,MY31_D01_day29,D01_day29,C:\Users\nicof\Desktop\proy_olga\Comparación de métodos\MY31\mdgm_rgb\D01_day29.png,C:\Users\nicof\Desktop\proy_olga\Comparación de métodos\MY31\masks_png_all\D01_day29_mask_class.png,96
MY31,MY31_D03_day32,D03_day32,C:\Users\nicof\Desktop\proy_olga\Comparación de métodos\MY31\mdgm_rgb\D03_day32.png,C:\Users\nicof\Desktop\proy_olga\Comparación de métodos\MY31\masks_png_all\D03_day32_mask_class.png,97
MY31,MY31_D02_day12,D02_day12,C:\Users\nicof\Desktop\proy_olga\Comparación de métodos\MY31\mdgm_rgb\D02_day12.png,C:\Users\nicof\Desktop\proy_olga\Comparación de métodos\MY31\masks_png_all\D02_day12_mask_class.png,98
MY31,MY31_G17_day19,G17_day19,C:\Users\nicof\Desktop\proy_olga\Comparación de métodos\MY31\mdgm_rgb\G17_day19.png,C:\Users\nicof\Desktop\proy_olga\Comparación de métodos\MY31\masks_png_all\G17_day19_mask_class.png,99
MY32,MY32_F04_day22,F04_day22,C:\Users\nicof\Desktop\proy_olga\Comparación de métodos\MY32\mdgm_rgb\F04_day22.png,C:\Users\nicof\Desktop\proy_olga\Comparación de métodos\MY32\masks_png_all\F04_day22_mask_class.png,0
MY32,MY32_F04_day21,F04_day21,C:\Users\nicof\Desktop\proy_olga\Comparación de métodos\MY32\mdgm_rgb\F04_day21.png,C:\Users\nicof\Desktop\proy_olga\Comparación de métodos\MY32\masks_png_all\F04_day21_mask_class.png,1
MY32,MY32_F04_day17,F04_day17,C:\Users\nicof\Desktop\proy_olga\Comparación de métodos\MY32\mdgm_rgb\F04_day17.png,C:\Users\nicof\Desktop\proy_olga\Comparación de métodos\MY32\masks_png_all\F04_day17_mask_class.png,2
MY32,MY32_F04_day30,F04_day30,C:\Users\nicof\Desktop\proy_olga\Comparación de métodos\MY32\mdgm_rgb\F04_day30.png,C:\Users\nicof\Desktop\proy_olga\Comparación de métodos\MY32\masks_png_all\F04_day30_mask_class.png,3
MY32,MY32_F04_day04,F04_day04,C:\Users\nicof\Desktop\proy_olga\Comparación de métodos\MY32\mdgm_rgb\F04_day04.png,C:\Users\nicof\Desktop\proy_olga\Comparación de métodos\MY32\masks_png_all\F04_day04_mask_class.png,4
MY32,MY32_F04_day29,F04_day29,C:\Users\nicof\Desktop\proy_olga\Comparación de métodos\MY32\mdgm_rgb\F04_day29.png,C:\Users\nicof\Desktop\proy_olga\Comparación de métodos\MY32\masks_png_all\F04_day29_mask_class.png,5
MY32,MY32_D17_day19,D17_day19,C:\Users\nicof\Desktop\proy_olga\Comparación de métodos\MY32\mdgm_rgb\D17_day19.png,C:\Users\nicof\Desktop\proy_olga\Comparación de métodos\MY32\masks_png_all\D17_day19_mask_class.png,6
MY32,MY32_D17_day26,D17_day26,C:\Users\nicof\Desktop\proy_olga\Comparación de métodos\MY32\mdgm_rgb\D17_day26.png,C:\Users\nicof\Desktop\proy_olga\Comparación de métodos\MY32\masks_png_all\D17_day26_mask_class.png,7
MY32,MY32_F04_day16,F04_day16,C:\Users\nicof\Desktop\proy_olga\Comparación de métodos\MY32\mdgm_rgb\F04_day16.png,C:\Users\nicof\Desktop\proy_olga\Comparación de métodos\MY32\masks_png_all\F04_day16_mask_class.png,8
MY32,MY32_F04_day06,F04_day06,C:\Users\nicof\Desktop\proy_olga\Comparación de métodos\MY32\mdgm_rgb\F04_day06.png,C:\Users\nicof\Desktop\proy_olga\Comparación de métodos\MY32\masks_png_all\F04_day06_mask_class.png,9
MY32,MY32_D18_day10,D18_day10,C:\Users\nicof\Desktop\proy_olga\Comparación de métodos\MY32\mdgm_rgb\D18_day10.png,C:\Users\nicof\Desktop\proy_olga\Comparación de métodos\MY32\masks_png_all\D18_day10_mask_class.png,10
MY32,MY32_D17_day27,D17_day27,C:\Users\nicof\Desktop\proy_olga\Comparación de métodos\MY32\mdgm_rgb\D17_day27.png,C:\Users\nicof\Desktop\proy_olga\Comparación de métodos\MY32\masks_png_all\D17_day27_mask_class.png,11
MY32,MY32_F04_day33,F04_day33,C:\Users\nicof\Desktop\proy_olga\Comparación de métodos\MY32\mdgm_rgb\F04_day33.png,C:\Users\nicof\Desktop\proy_olga\Comparación de métodos\MY32\masks_png_all\F04_day33_mask_class.png,12
MY32,MY32_D15_day33,D15_day33,C:\Users\nicof\Desktop\proy_olga\Comparación de métodos\MY32\mdgm_rgb\D15_day33.png,C:\Users\nicof\Desktop\proy_olga\Comparación de métodos\MY32\masks_png_all\D15_day33_mask_class.png,13
MY32,MY32_D15_day32,D15_day32,C:\Users\nicof\Desktop\proy_olga\Comparación de métodos\MY32\mdgm_rgb\D15_day32.png,C:\Users\nicof\Desktop\proy_olga\Comparación de métodos\MY32\masks_png_all\D15_day32_mask_class.png,14
MY32,MY32_F02_day31,F02_day31,C:\Users\nicof\Desktop\proy_olga\Comparación de métodos\MY32\mdgm_rgb\F02_day31.png,C:\Users\nicof\Desktop\proy_olga\Comparación de métodos\MY32\masks_png_all\F02_day31_mask_class.png,15
MY32,MY32_F03_day22,F03_day22,C:\Users\nicof\Desktop\proy_olga\Comparación de métodos\MY32\mdgm_rgb\F03_day22.png,C:\Users\nicof\Desktop\proy_olga\Comparación de métodos\MY32\masks_png_all\F03_day22_mask_class.png,16
MY32,MY32_D15_day10,D15_day10,C:\Users\nicof\Desktop\proy_olga\Comparación de métodos\MY32\mdgm_rgb\D15_day10.png,C:\Users\nicof\Desktop\proy_olga\Comparación de métodos\MY32\masks_png_all\D15_day10_mask_class.png,17
MY32,MY32_D17_day10,D17_day10,C:\Users\nicof\Desktop\proy_olga\Comparación de métodos\MY32\mdgm_rgb\D17_day10.png,C:\Users\nicof\Desktop\proy_olga\Comparación de métodos\MY32\masks_png_all\D17_day10_mask_class.png,18
MY32,MY32_F03_day32,F03_day32,C:\Users\nicof\Desktop\proy_olga\Comparación de métodos\MY32\mdgm_rgb\F03_day32.png,C:\Users\nicof\Desktop\proy_olga\Comparación de métodos\MY32\masks_png_all\F03_day32_mask_class.png,19
MY32,MY32_D15_day11,D15_day11,C:\Users\nicof\Desktop\proy_olga\Comparación de métodos\MY32\mdgm_rgb\D15_day11.png,C:\Users\nicof\Desktop\proy_olga\Comparación de métodos\MY32\masks_png_all\D15_day11_mask_class.png,20
MY32,MY32_D15_day03,D15_day03,C:\Users\nicof\Desktop\proy_olga\Comparación de métodos\MY32\mdgm_rgb\D15_day03.png,C:\Users\nicof\Desktop\proy_olga\Comparación de métodos\MY32\masks_png_all\D15_day03_mask_class.png,21
MY32,MY32_D17_day32,D17_day32,C:\Users\nicof\Desktop\proy_olga\Comparación de métodos\MY32\mdgm_rgb\D17_day32.png,C:\Users\nicof\Desktop\proy_olga\Comparación de métodos\MY32\masks_png_all\D17_day32_mask_class.png,22
MY32,MY32_D17_day31,D17_day31,C:\Users\nicof\Desktop\proy_olga\Comparación de métodos\MY32\mdgm_rgb\D17_day31.png,C:\Users\nicof\Desktop\proy_olga\Comparación de métodos\MY32\masks_png_all\D17_day31_mask_class.png,23
MY32,MY32_D15_day18,D15_day18,C:\Users\nicof\Desktop\proy_olga\Comparación de métodos\MY32\mdgm_rgb\D15_day18.png,C:\Users\nicof\Desktop\proy_olga\Comparación de métodos\MY32\masks_png_all\D15_day18_mask_class.png,24
MY32,MY32_F04_day15,F04_day15,C:\Users\nicof\Desktop\proy_olga\Comparación de métodos\MY32\mdgm_rgb\F04_day15.png,C:\Users\nicof\Desktop\proy_olga\Comparación de métodos\MY32\masks_png_all\F04_day15_mask_class.png,25
MY32,MY32_D18_day06,D18_day06,C:\Users\nicof\Desktop\proy_olga\Comparación de métodos\MY32\mdgm_rgb\D18_day06.png,C:\Users\nicof\Desktop\proy_olga\Comparación de métodos\MY32\masks_png_all\D18_day06_mask_class.png,26
MY32,MY32_D18_day22,D18_day22,C:\Users\nicof\Desktop\proy_olga\Comparación de métodos\MY32\mdgm_rgb\D18_day22.png,C:\Users\nicof\Desktop\proy_olga\Comparación de métodos\MY32\masks_png_all\D18_day22_mask_class.png,27
MY32,MY32_D17_day05,D17_day05,C:\Users\nicof\Desktop\proy_olga\Comparación de métodos\MY32\mdgm_rgb\D17_day05.png,C:\Users\nicof\Desktop\proy_olga\Comparación de métodos\MY32\masks_png_all\D17_day05_mask_class.png,28
MY32,MY32_D17_day02,D17_day02,C:\Users\nicof\Desktop\proy_olga\Comparación de métodos\MY32\mdgm_rgb\D17_day02.png,C:\Users\nicof\Desktop\proy_olga\Comparación de métodos\MY32\masks_png_all\D17_day02_mask_class.png,29
MY32,MY32_D15_day04,D15_day04,C:\Users\nicof\Desktop\proy_olga\Comparación de métodos\MY32\mdgm_rgb\D15_day04.png,C:\Users\nicof\Desktop\proy_olga\Comparación de métodos\MY32\masks_png_all\D15_day04_mask_class.png,30
MY32,MY32_D17_day30,D17_day30,C:\Users\nicof\Desktop\proy_olga\Comparación de métodos\MY32\mdgm_rgb\D17_day30.png,C:\Users\nicof\Desktop\proy_olga\Comparación de métodos\MY32\masks_png_all\D17_day30_mask_class.png,31
MY32,MY32_D15_day30,D15_day30,C:\Users\nicof\Desktop\proy_olga\Comparación de métodos\MY32\mdgm_rgb\D15_day30.png,C:\Users\nicof\Desktop\proy_olga\Comparación de métodos\MY32\masks_png_all\D15_day30_mask_class.png,32
MY32,MY32_F02_day03,F02_day03,C:\Users\nicof\Desktop\proy_olga\Comparación de métodos\MY32\mdgm_rgb\F02_day03.png,C:\Users\nicof\Desktop\proy_olga\Comparación de métodos\MY32\masks_png_all\F02_day03_mask_class.png,33
MY32,MY32_D18_day04,D18_day04,C:\Users\nicof\Desktop\proy_olga\Comparación de métodos\MY32\mdgm_rgb\D18_day04.png,C:\Users\nicof\Desktop\proy_olga\Comparación de métodos\MY32\masks_png_all\D18_day04_mask_class.png,34
MY32,MY32_F03_day01,F03_day01,C:\Users\nicof\Desktop\proy_olga\Comparación de métodos\MY32\mdgm_rgb\F03_day01.png,C:\Users\nicof\Desktop\proy_olga\Comparación de métodos\MY32\masks_png_all\F03_day01_mask_class.png,35
MY32,MY32_D15_day05,D15_day05,C:\Users\nicof\Desktop\proy_olga\Comparación de métodos\MY32\mdgm_rgb\D15_day05.png,C:\Users\nicof\Desktop\proy_olga\Comparación de métodos\MY32\masks_png_all\D15_day05_mask_class.png,36
MY32,MY32_D21_day04,D21_day04,C:\Users\nicof\Desktop\proy_olga\Comparación de métodos\MY32\mdgm_rgb\D21_day04.png,C:\Users\nicof\Desktop\proy_olga\Comparación de métodos\MY32\masks_png_all\D21_day04_mask_class.png,37
MY32,MY32_D17_day03,D17_day03,C:\Users\nicof\Desktop\proy_olga\Comparación de métodos\MY32\mdgm_rgb\D17_day03.png,C:\Users\nicof\Desktop\proy_olga\Comparación de métodos\MY32\masks_png_all\D17_day03_mask_class.png,38
MY32,MY32_F04_day10,F04_day10,C:\Users\nicof\Desktop\proy_olga\Comparación de métodos\MY32\mdgm_rgb\F04_day10.png,C:\Users\nicof\Desktop\proy_olga\Comparación de métodos\MY32\masks_png_all\F04_day10_mask_class.png,39
MY32,MY32_D17_day12,D17_day12,C:\Users\nicof\Desktop\proy_olga\Comparación de métodos\MY32\mdgm_rgb\D17_day12.png,C:\Users\nicof\Desktop\proy_olga\Comparación de métodos\MY32\masks_png_all\D17_day12_mask_class.png,40
MY32,MY32_D20_day24,D20_day24,C:\Users\nicof\Desktop\proy_olga\Comparación de métodos\MY32\mdgm_rgb\D20_day24.png,C:\Users\nicof\Desktop\proy_olga\Comparación de métodos\MY32\masks_png_all\D20_day24_mask_class.png,41
MY32,MY32_F04_day11,F04_day11,C:\Users\nicof\Desktop\proy_olga\Comparación de métodos\MY32\mdgm_rgb\F04_day11.png,C:\Users\nicof\Desktop\proy_olga\Comparación de métodos\MY32\masks_png_all\F04_day11_mask_class.png,42
MY32,MY32_F03_day13,F03_day13,C:\Users\nicof\Desktop\proy_olga\Comparación de métodos\MY32\mdgm_rgb\F03_day13.png,C:\Users\nicof\Desktop\proy_olga\Comparación de métodos\MY32\masks_png_all\F03_day13_mask_class.png,43
MY32,MY32_D17_day09,D17_day09,C:\Users\nicof\Desktop\proy_olga\Comparación de métodos\MY32\mdgm_rgb\D17_day09.png,C:\Users\nicof\Desktop\proy_olga\Comparación de métodos\MY32\masks_png_all\D17_day09_mask_class.png,44
MY32,MY32_F02_day04,F02_day04,C:\Users\nicof\Desktop\proy_olga\Comparación de métodos\MY32\mdgm_rgb\F02_day04.png,C:\Users\nicof\Desktop\proy_olga\Comparación de métodos\MY32\masks_png_all\F02_day04_mask_class.png,45
MY32,MY32_D15_day31,D15_day31,C:\Users\nicof\Desktop\proy_olga\Comparación de métodos\MY32\mdgm_rgb\D15_day31.png,C:\Users\nicof\Desktop\proy_olga\Comparación de métodos\MY32\masks_png_all\D15_day31_mask_class.png,46
MY32,MY32_D17_day14,D17_day14,C:\Users\nicof\Desktop\proy_olga\Comparación de métodos\MY32\mdgm_rgb\D17_day14.png,C:\Users\nicof\Desktop\proy_olga\Comparación de métodos\MY32\masks_png_all\D17_day14_mask_class.png,47
MY32,MY32_D15_day06,D15_day06,C:\Users\nicof\Desktop\proy_olga\Comparación de métodos\MY32\mdgm_rgb\D15_day06.png,C:\Users\nicof\Desktop\proy_olga\Comparación de métodos\MY32\masks_png_all\D15_day06_mask_class.png,48
MY32,MY32_D17_day15,D17_day15,C:\Users\nicof\Desktop\proy_olga\Comparación de métodos\MY32\mdgm_rgb\D17_day15.png,C:\Users\nicof\Desktop\proy_olga\Comparación de métodos\MY32\masks_png_all\D17_day15_mask_class.png,49
MY32,MY32_D15_day08,D15_day08,C:\Users\nicof\Desktop\proy_olga\Comparación de métodos\MY32\mdgm_rgb\D15_day08.png,C:\Users\nicof\Desktop\proy_olga\Comparación de métodos\MY32\masks_png_all\D15_day08_mask_class.png,50
MY32,MY32_D15_day09,D15_day09,C:\Users\nicof\Desktop\proy_olga\Comparación de métodos\MY32\mdgm_rgb\D15_day09.png,C:\Users\nicof\Desktop\proy_olga\Comparación de métodos\MY32\masks_png_all\D15_day09_mask_class.png,51
MY32,MY32_F02_day21,F02_day21,C:\Users\nicof\Desktop\proy_olga\Comparación de métodos\MY32\mdgm_rgb\F02_day21.png,C:\Users\nicof\Desktop\proy_olga\Comparación de métodos\MY32\masks_png_all\F02_day21_mask_class.png,52
MY32,MY32_F02_day02,F02_day02,C:\Users\nicof\Desktop\proy_olga\Comparación de métodos\MY32\mdgm_rgb\F02_day02.png,C:\Users\nicof\Desktop\proy_olga\Comparación de métodos\MY32\masks_png_all\F02_day02_mask_class.png,53
MY32,MY32_D15_day15,D15_day15,C:\Users\nicof\Desktop\proy_olga\Comparación de métodos\MY32\mdgm_rgb\D15_day15.png,C:\Users\nicof\Desktop\proy_olga\Comparación de métodos\MY32\masks_png_all\D15_day15_mask_class.png,54
MY32,MY32_F03_day14,F03_day14,C:\Users\nicof\Desktop\proy_olga\Comparación de métodos\MY32\mdgm_rgb\F03_day14.png,C:\Users\nicof\Desktop\proy_olga\Comparación de métodos\MY32\masks_png_all\F03_day14_mask_class.png,55
MY32,MY32_F04_day08,F04_day08,C:\Users\nicof\Desktop\proy_olga\Comparación de métodos\MY32\mdgm_rgb\F04_day08.png,C:\Users\nicof\Desktop\proy_olga\Comparación de métodos\MY32\masks_png_all\F04_day08_mask_class.png,56
MY32,MY32_F04_day07,F04_day07,C:\Users\nicof\Desktop\proy_olga\Comparación de métodos\MY32\mdgm_rgb\F04_day07.png,C:\Users\nicof\Desktop\proy_olga\Comparación de métodos\MY32\masks_png_all\F04_day07_mask_class.png,57
MY32,MY32_F03_day18,F03_day18,C:\Users\nicof\Desktop\proy_olga\Comparación de métodos\MY32\mdgm_rgb\F03_day18.png,C:\Users\nicof\Desktop\proy_olga\Comparación de métodos\MY32\masks_png_all\F03_day18_mask_class.png,58
MY32,MY32_D16_day10,D16_day10,C:\Users\nicof\Desktop\proy_olga\Comparación de métodos\MY32\mdgm_rgb\D16_day10.png,C:\Users\nicof\Desktop\proy_olga\Comparación de métodos\MY32\masks_png_all\D16_day10_mask_class.png,59
MY32,MY32_D16_day03,D16_day03,C:\Users\nicof\Desktop\proy_olga\Comparación de métodos\MY32\mdgm_rgb\D16_day03.png,C:\Users\nicof\Desktop\proy_olga\Comparación de métodos\MY32\masks_png_all\D16_day03_mask_class.png,60
MY32,MY32_F02_day06,F02_day06,C:\Users\nicof\Desktop\proy_olga\Comparación de métodos\MY32\mdgm_rgb\F02_day06.png,C:\Users\nicof\Desktop\proy_olga\Comparación de métodos\MY32\masks_png_all\F02_day06_mask_class.png,61
MY32,MY32_F02_day07,F02_day07,C:\Users\nicof\Desktop\proy_olga\Comparación de métodos\MY32\mdgm_rgb\F02_day07.png,C:\Users\nicof\Desktop\proy_olga\Comparación de métodos\MY32\masks_png_all\F02_day07_mask_class.png,62
MY32,MY32_D19_day24,D19_day24,C:\Users\nicof\Desktop\proy_olga\Comparación de métodos\MY32\mdgm_rgb\D19_day24.png,C:\Users\nicof\Desktop\proy_olga\Comparación de métodos\MY32\masks_png_all\D19_day24_mask_class.png,63
MY32,MY32_D15_day16,D15_day16,C:\Users\nicof\Desktop\proy_olga\Comparación de métodos\MY32\mdgm_rgb\D15_day16.png,C:\Users\nicof\Desktop\proy_olga\Comparación de métodos\MY32\masks_png_all\D15_day16_mask_class.png,64
MY32,MY32_F04_day09,F04_day09,C:\Users\nicof\Desktop\proy_olga\Comparación de métodos\MY32\mdgm_rgb\F04_day09.png,C:\Users\nicof\Desktop\proy_olga\Comparación de métodos\MY32\masks_png_all\F04_day09_mask_class.png,65
MY32,MY32_F03_day15,F03_day15,C:\Users\nicof\Desktop\proy_olga\Comparación de métodos\MY32\mdgm_rgb\F03_day15.png,C:\Users\nicof\Desktop\proy_olga\Comparación de métodos\MY32\masks_png_all\F03_day15_mask_class.png,66
MY32,MY32_F02_day19,F02_day19,C:\Users\nicof\Desktop\proy_olga\Comparación de métodos\MY32\mdgm_rgb\F02_day19.png,C:\Users\nicof\Desktop\proy_olga\Comparación de métodos\MY32\masks_png_all\F02_day19_mask_class.png,67
MY32,MY32_D15_day17,D15_day17,C:\Users\nicof\Desktop\proy_olga\Comparación de métodos\MY32\mdgm_rgb\D15_day17.png,C:\Users\nicof\Desktop\proy_olga\Comparación de métodos\MY32\masks_png_all\D15_day17_mask_class.png,68
MY32,MY32_F02_day22,F02_day22,C:\Users\nicof\Desktop\proy_olga\Comparación de métodos\MY32\mdgm_rgb\F02_day22.png,C:\Users\nicof\Desktop\proy_olga\Comparación de métodos\MY32\masks_png_all\F02_day22_mask_class.png,69
MY32,MY32_F01_day14,F01_day14,C:\Users\nicof\Desktop\proy_olga\Comparación de métodos\MY32\mdgm_rgb\F01_day14.png,C:\Users\nicof\Desktop\proy_olga\Comparación de métodos\MY32\masks_png_all\F01_day14_mask_class.png,70
MY32,MY32_F02_day08,F02_day08,C:\Users\nicof\Desktop\proy_olga\Comparación de métodos\MY32\mdgm_rgb\F02_day08.png,C:\Users\nicof\Desktop\proy_olga\Comparación de métodos\MY32\masks_png_all\F02_day08_mask_class.png,71
MY32,MY32_D16_day02,D16_day02,C:\Users\nicof\Desktop\proy_olga\Comparación de métodos\MY32\mdgm_rgb\D16_day02.png,C:\Users\nicof\Desktop\proy_olga\Comparación de métodos\MY32\masks_png_all\D16_day02_mask_class.png,72
MY32,MY32_F01_day21,F01_day21,C:\Users\nicof\Desktop\proy_olga\Comparación de métodos\MY32\mdgm_rgb\F01_day21.png,C:\Users\nicof\Desktop\proy_olga\Comparación de métodos\MY32\masks_png_all\F01_day21_mask_class.png,73
MY32,MY32_D16_day12,D16_day12,C:\Users\nicof\Desktop\proy_olga\Comparación de métodos\MY32\mdgm_rgb\D16_day12.png,C:\Users\nicof\Desktop\proy_olga\Comparación de métodos\MY32\masks_png_all\D16_day12_mask_class.png,74
MY32,MY32_D18_day13,D18_day13,C:\Users\nicof\Desktop\proy_olga\Comparación de métodos\MY32\mdgm_rgb\D18_day13.png,C:\Users\nicof\Desktop\proy_olga\Comparación de métodos\MY32\masks_png_all\D18_day13_mask_class.png,75
MY32,MY32_F02_day18,F02_day18,C:\Users\nicof\Desktop\proy_olga\Comparación de métodos\MY32\mdgm_rgb\F02_day18.png,C:\Users\nicof\Desktop\proy_olga\Comparación de métodos\MY32\masks_png_all\F02_day18_mask_class.png,76
MY32,MY32_F02_day12,F02_day12,C:\Users\nicof\Desktop\proy_olga\Comparación de métodos\MY32\mdgm_rgb\F02_day12.png,C:\Users\nicof\Desktop\proy_olga\Comparación de métodos\MY32\masks_png_all\F02_day12_mask_class.png,77
MY32,MY32_F03_day12,F03_day12,C:\Users\nicof\Desktop\proy_olga\Comparación de métodos\MY32\mdgm_rgb\F03_day12.png,C:\Users\nicof\Desktop\proy_olga\Comparación de métodos\MY32\masks_png_all\F03_day12_mask_class.png,78
MY32,MY32_F01_day13,F01_day13,C:\Users\nicof\Desktop\proy_olga\Comparación de métodos\MY32\mdgm_rgb\F01_day13.png,C:\Users\nicof\Desktop\proy_olga\Comparación de métodos\MY32\masks_png_all\F01_day13_mask_class.png,79
MY32,MY32_F01_day28,F01_day28,C:\Users\nicof\Desktop\proy_olga\Comparación de métodos\MY32\mdgm_rgb\F01_day28.png,C:\Users\nicof\Desktop\proy_olga\Comparación de métodos\MY32\masks_png_all\F01_day28_mask_class.png,80
MY32,MY32_D18_day12,D18_day12,C:\Users\nicof\Desktop\proy_olga\Comparación de métodos\MY32\mdgm_rgb\D18_day12.png,C:\Users\nicof\Desktop\proy_olga\Comparación de métodos\MY32\masks_png_all\D18_day12_mask_class.png,81
MY32,MY32_F02_day11,F02_day11,C:\Users\nicof\Desktop\proy_olga\Comparación de métodos\MY32\mdgm_rgb\F02_day11.png,C:\Users\nicof\Desktop\proy_olga\Comparación de métodos\MY32\masks_png_all\F02_day11_mask_class.png,82
MY32,MY32_D17_day16,D17_day16,C:\Users\nicof\Desktop\proy_olga\Comparación de métodos\MY32\mdgm_rgb\D17_day16.png,C:\Users\nicof\Desktop\proy_olga\Comparación de métodos\MY32\masks_png_all\D17_day16_mask_class.png,83
MY32,MY32_F02_day25,F02_day25,C:\Users\nicof\Desktop\proy_olga\Comparación de métodos\MY32\mdgm_rgb\F02_day25.png,C:\Users\nicof\Desktop\proy_olga\Comparación de métodos\MY32\masks_png_all\F02_day25_mask_class.png,84
MY32,MY32_D18_day11,D18_day11,C:\Users\nicof\Desktop\proy_olga\Comparación de métodos\MY32\mdgm_rgb\D18_day11.png,C:\Users\nicof\Desktop\proy_olga\Comparación de métodos\MY32\masks_png_all\D18_day11_mask_class.png,85
MY32,MY32_D20_day05,D20_day05,C:\Users\nicof\Desktop\proy_olga\Comparación de métodos\MY32\mdgm_rgb\D20_day05.png,C:\Users\nicof\Desktop\proy_olga\Comparación de métodos\MY32\masks_png_all\D20_day05_mask_class.png,86
MY32,MY32_D22_day27,D22_day27,C:\Users\nicof\Desktop\proy_olga\Comparación de métodos\MY32\mdgm_rgb\D22_day27.png,C:\Users\nicof\Desktop\proy_olga\Comparación de métodos\MY32\masks_png_all\D22_day27_mask_class.png,87
MY32,MY32_D22_day28,D22_day28,C:\Users\nicof\Desktop\proy_olga\Comparación de métodos\MY32\mdgm_rgb\D22_day28.png,C:\Users\nicof\Desktop\proy_olga\Comparación de métodos\MY32\masks_png_all\D22_day28_mask_class.png,88
MY32,MY32_D20_day11,D20_day11,C:\Users\nicof\Desktop\proy_olga\Comparación de métodos\MY32\mdgm_rgb\D20_day11.png,C:\Users\nicof\Desktop\proy_olga\Comparación de métodos\MY32\masks_png_all\D20_day11_mask_class.png,89
MY32,MY32_D15_day12,D15_day12,C:\Users\nicof\Desktop\proy_olga\Comparación de métodos\MY32\mdgm_rgb\D15_day12.png,C:\Users\nicof\Desktop\proy_olga\Comparación de métodos\MY32\masks_png_all\D15_day12_mask_class.png,90
MY32,MY32_D21_day29,D21_day29,C:\Users\nicof\Desktop\proy_olga\Comparación de métodos\MY32\mdgm_rgb\D21_day29.png,C:\Users\nicof\Desktop\proy_olga\Comparación de métodos\MY32\masks_png_all\D21_day29_mask_class.png,91
MY32,MY32_D21_day27,D21_day27,C:\Users\nicof\Desktop\proy_olga\Comparación de métodos\MY32\mdgm_rgb\D21_day27.png,C:\Users\nicof\Desktop\proy_olga\Comparación de métodos\MY32\masks_png_all\D21_day27_mask_class.png,92
MY32,MY32_D22_day26,D22_day26,C:\Users\nicof\Desktop\proy_olga\Comparación de métodos\MY32\mdgm_rgb\D22_day26.png,C:\Users\nicof\Desktop\proy_olga\Comparación de métodos\MY32\masks_png_all\D22_day26_mask_class.png,93
MY32,MY32_F01_day08,F01_day08,C:\Users\nicof\Desktop\proy_olga\Comparación de métodos\MY32\mdgm_rgb\F01_day08.png,C:\Users\nicof\Desktop\proy_olga\Comparación de métodos\MY32\masks_png_all\F01_day08_mask_class.png,94
MY32,MY32_D21_day24,D21_day24,C:\Users\nicof\Desktop\proy_olga\Comparación de métodos\MY32\mdgm_rgb\D21_day24.png,C:\Users\nicof\Desktop\proy_olga\Comparación de métodos\MY32\masks_png_all\D21_day24_mask_class.png,95
MY32,MY32_D22_day16,D22_day16,C:\Users\nicof\Desktop\proy_olga\Comparación de métodos\MY32\mdgm_rgb\D22_day16.png,C:\Users\nicof\Desktop\proy_olga\Comparación de métodos\MY32\masks_png_all\D22_day16_mask_class.png,96
MY32,MY32_F01_day09,F01_day09,C:\Users\nicof\Desktop\proy_olga\Comparación de métodos\MY32\mdgm_rgb\F01_day09.png,C:\Users\nicof\Desktop\proy_olga\Comparación de métodos\MY32\masks_png_all\F01_day09_mask_class.png,97
MY32,MY32_F01_day23,F01_day23,C:\Users\nicof\Desktop\proy_olga\Comparación de métodos\MY32\mdgm_rgb\F01_day23.png,C:\Users\nicof\Desktop\proy_olga\Comparación de métodos\MY32\masks_png_all\F01_day23_mask_class.png,98
MY32,MY32_D20_day23,D20_day23,C:\Users\nicof\Desktop\proy_olga\Comparación de métodos\MY32\mdgm_rgb\D20_day23.png,C:\Users\nicof\Desktop\proy_olga\Comparación de métodos\MY32\masks_png_all\D20_day23_mask_class.png,99
